BOOT_BUTTON,24.00,108.81,180.00,BUTTON_CUSYOMV1,MYBUTTON
C1,7.26,99.13,90.00,100nF,EAGLE-LTSPICE_C0402
C10_SUPERCAP,96.96,52.94,270.00,CPH3225A,CAPCP3225X100N
C1_BAT,121.95,44.75,0.00,4.7uF,EAGLE-LTSPICE_C0402
C1_BAT1,119.25,35.57,270.00,4.7uF,EAGLE-LTSPICE_C0402
C1_BAT2,136.89,36.56,270.00,4.7uF,EAGLE-LTSPICE_C0402
C2,67.72,108.11,270.00,1uF,EAGLE-LTSPICE_C0402
C2-TANT,132.51,33.70,270.00,"100uF TANT",RCL_CT3528
C2_BAT,133.86,46.95,270.00,4.7uF,EAGLE-LTSPICE_C0402
C3,27.54,108.31,270.00,100nF,EAGLE-LTSPICE_C0402
C4,53.82,108.31,270.00,100nF,EAGLE-LTSPICE_C0402
C4_USB,153.20,41.37,180.00,100nF,EAGLE-LTSPICE_C0402
C5,80.32,21.51,0.00,10uF,EAGLE-LTSPICE_C0402
C5_USB,153.18,42.75,180.00,4.7uF,EAGLE-LTSPICE_C0402
C6,93.40,52.41,90.00,100nF,EAGLE-LTSPICE_C0402
C7,97.95,32.69,270.00,4.7uF/25V,EAGLE-LTSPICE_C0402
C8,157.67,4.66,270.00,100nF,EAGLE-LTSPICE_C0402
C9,159.46,4.69,270.00,100nF,EAGLE-LTSPICE_C0402
CHANGE_BUTTON,49.00,108.81,180.00,BUTTON_CUSYOMV1,MYBUTTON
CHG_LED,125.34,44.94,90.00,,ADAFRUIT_CHIP-LED0603
C_DELAY,53.11,102.59,270.00,100nF,EAGLE-LTSPICE_C0402
D1,75.70,21.17,180.00,PGB1010603MR,DIOC1608X36N
D10,93.41,34.88,180.00,MBR0530,SOD3716X135N
D11,152.70,45.67,0.00,USBLC6-2SC6Y,SOT95P280X145-6N
D2,57.78,39.27,90.00,PGB1010603MR,DIOC1608X36N
D3,55.26,39.27,90.00,PGB1010603MR,DIOC1608X36N
D4,59.64,39.17,90.00,PGB1010603MR,DIOC1608X36N
D5,41.62,52.17,270.00,PGB1010603MR,DIOC1608X36N
D6,14.35,98.28,180.00,PGB1010603MR,DIOC1608X36N
D7,88.89,65.98,0.00,SD0805S020S1R0,ESP32_WROVER_AVX---SD0805S020S1R0_AVX_SD0805S020S1R0_0
D8,83.73,41.88,180.00,MBR0530,SOD3716X135N
D9,93.37,30.58,0.00,MBR0530,SOD3716X135N
DMG2305UX-7,138.16,43.21,0.00,20V/4.2A/52mΩ/1.4W,ESP32_WROVER_SPARKFUN-DISCRETESEMI_SOT23-3
EPD_C1,91.99,21.09,90.00,1uF/50V,EAGLE-LTSPICE_C0402
EPD_C10,83.55,21.09,90.00,1uF/50V,EAGLE-LTSPICE_C0402
EPD_C11,76.41,24.17,270.00,1uF/50V,EAGLE-LTSPICE_C0402
EPD_C12,70.69,18.49,90.00,1uF/50V,EAGLE-LTSPICE_C0402
EPD_C2,90.80,21.09,90.00,1uF/50V,EAGLE-LTSPICE_C0402
EPD_C5,89.55,21.09,90.00,0.1uF/50V,EAGLE-LTSPICE_C0402
EPD_C6,88.31,21.09,90.00,1uF/50V,EAGLE-LTSPICE_C0402
EPD_C7,87.12,21.09,90.00,1uF/50V,EAGLE-LTSPICE_C0402
EPD_C8,85.93,21.09,90.00,1uF/50V,EAGLE-LTSPICE_C0402
EPD_C9,84.74,21.09,90.00,1uF/50V,EAGLE-LTSPICE_C0402
IC1,125.91,35.57,0.00,XC6220A331MR-G,SOT95P280X120-5N
IC2,48.97,102.57,0.00,BD5229G-TR,SOT95P280X125-5N
J1,8.35,88.97,270.00,112A-TAAR-R03_ATTEND,112ATAARR03ATTEND
J2,167.16,19.28,90.00,QWIIC_RIGHT_ANGLE,JST04_1MM_RA
J3,84.54,13.24,0.00,FH34SRJ-24S-0.5SH_99_,FH34SRJ24S05SH99
J4,165.86,54.30,90.00,SAMACSYS_PARTS_USB4110-GF-A,SAMACSYS_PARTS_USB4110GFA
L1,83.57,31.35,270.00,68uH,IND_4828-WE-TPC_WRE
MCP73831,129.51,43.99,90.00,ESP32_WROVER_SPARKFUN-IC-POWER_MCP73831,ESP32_WROVER_SPARKFUN-IC-POWER_SOT23-5
PFMF.050.1,151.84,38.30,180.00,ESP32C6_VARISTORCN1812,ESP32C6_VARISTOR_CT/CN1812
Q1,79.53,24.26,270.00,20V/4.2A/52mΩ/1.4W,ESP32_WROVER_SPARKFUN-DISCRETESEMI_SOT23-3
Q2,64.94,17.08,90.00,SI1308EDL-T1-GE3,SOT65P210X110-3N
R1,19.06,45.91,270.00,10K,ESP32_WROVER_EAGLE-LTSPICE_R0402
R10,67.04,12.31,270.00,0.47,ESP32_WROVER_EAGLE-LTSPICE_R0402
R1_BAT,128.28,39.63,270.00,200,ESP32_WROVER_EAGLE-LTSPICE_R0402
R1_PINH,155.99,4.65,270.00,10K,ESP32_WROVER_EAGLE-LTSPICE_R0402
R1_PINH1,88.81,62.69,0.00,10K,ESP32_WROVER_EAGLE-LTSPICE_R0402
R1_PWRUSB,123.52,31.84,180.00,100K,ESP32_WROVER_EAGLE-LTSPICE_R0402
R2,39.68,52.31,90.00,10K,ESP32_WROVER_EAGLE-LTSPICE_R0402
R2-PINH,154.19,4.65,270.00,10K,ESP32_WROVER_EAGLE-LTSPICE_R0402
R2-PINH1,93.47,60.99,90.00,10K,ESP32_WROVER_EAGLE-LTSPICE_R0402
R2-USB,147.60,47.13,270.00,5k1,ESP32_WROVER_EAGLE-LTSPICE_R0402
R2-USB1,156.37,47.37,90.00,5k1,ESP32_WROVER_EAGLE-LTSPICE_R0402
R2_BAT,124.39,40.43,0.00,2K,ESP32_WROVER_EAGLE-LTSPICE_R0402
R3,57.70,35.31,270.00,10K,ESP32_WROVER_EAGLE-LTSPICE_R0402
R4,55.22,35.11,270.00,10K,ESP32_WROVER_EAGLE-LTSPICE_R0402
R5,59.74,35.31,270.00,10K,ESP32_WROVER_EAGLE-LTSPICE_R0402
R6,68.39,18.41,270.00,10K,ESP32_WROVER_EAGLE-LTSPICE_R0402
R7,5.08,99.11,270.00,10K,ESP32_WROVER_EAGLE-LTSPICE_R0402
R8,63.74,14.11,180.00,2.2,ESP32_WROVER_EAGLE-LTSPICE_R0402
R9,75.00,24.21,270.00,10K,ESP32_WROVER_EAGLE-LTSPICE_R0402
RESET_BUTTON,64.00,108.81,180.00,BUTTON_CUSYOMV1,MYBUTTON
R_BOOT,19.58,108.31,90.00,10K,ESP32_WROVER_EAGLE-LTSPICE_R0402
R_CAPACITOR,89.42,48.44,0.00,15,ESP32_WROVER_EAGLE-LTSPICE_R0402
R_CHANGE,44.69,108.11,90.00,10K,ESP32_WROVER_EAGLE-LTSPICE_R0402
R_CL1,70.88,15.63,180.00,10K,ESP32_WROVER_EAGLE-LTSPICE_R0402
R_RESET,60.33,108.01,90.00,10K,ESP32_WROVER_EAGLE-LTSPICE_R0402
SD0805S020S1R0,121.66,35.48,270.00,ESP32_WROVER_AVX---SD0805S020S1R0_AVX_SD0805S020S1R0_0_0AVX_SD0805S020S1R0_0_0,ESP32_WROVER_AVX---SD0805S020S1R0_AVX_SD0805S020S1R0_0
SENSOR2,156.23,9.62,270.00,BME688,ESP32_WROVER_BME680_PSON80P300X300X100-8N
SJ1,63.66,11.54,180.00,,SJ
TP1,10.61,74.99,0.00,TX,TP20R
TP10,24.39,45.31,0.00,EPD_CS,TP20R
TP11,5.79,40.39,0.00,EPD_DC,TP20R
TP12,16.34,75.31,0.00,EPD_RST,TP20R
TP13,24.39,75.01,0.00,EPD_3V3_C,TP20R
TP14,125.29,26.99,0.00,VBUS,TP20R
TP15,15.04,40.79,0.00,INT_RTC,TP20R
TP16,6.09,44.79,0.00,3V3,TP20R
TP17,56.84,11.39,0.00,EPD_3V3,TP20R
TP2,13.03,75.39,0.00,RX,TP20R
TP3,111.85,56.39,0.00,VBAT,TP20R
TP4,106.67,56.49,0.00,GND,TP20R
TP5,52.39,42.99,0.00,GND,TP20R
TP6,7.91,75.29,0.00,MISO,TP20R
TP7,15.03,45.39,0.00,MOSI,TP20R
TP8,11.65,44.79,0.00,SCK,TP20R
TP9,4.77,76.59,0.00,EPD_BUSY,TP20R
U1,16.00,58.41,90.00,ESP32-C6-WROOM-1-N8,XCVR_ESP32-C6-WROOM-1-N8
U2,142.00,46.62,0.00,MAX17048G+T10,SON50P200X200X80-9N
U3,45.29,59.46,0.00,W25Q512JVEIQ,SON127P600X800X80-9N
U4,85.37,55.75,270.00,DS3231SN#,SOIC127P1032X265-16N
